0,-3900,-31
10,-3900,-31
20,-4200,-31
30,-3900,-31
40,-3900,-31
50,-3900,-31
60,-3900,-31
70,-3900,-31
80,-3600,-31
90,-4200,-31
100,-4200,-31
110,-3900,-31
120,-3900,-31
130,-3900,-31
140,-3900,-31
150,-3900,-31
160,-3900,-31
170,-3900,-31
180,-3900,-31
190,-3600,-31
200,-3600,-31
210,-3900,-31
220,-4200,-31
230,-3600,-31
240,-3900,-31
250,-3900,-31
260,-3900,-31
270,-3900,-31
280,-3900,-31
290,-3900,-31
300,-3900,-31
310,-3600,-31
320,-3900,-31
330,-4200,-31
340,-3600,-31
350,-3600,-31
360,-3600,-31
370,-3900,-31
380,-3900,-31
390,-3900,-31
400,-3900,-31
410,-3900,-31
420,-3900,-31
430,-3600,-31
440,-3900,-31
450,-3900,-31
460,-3900,-31
470,-3600,-31
480,-3900,-31
490,-3900,-31
500,-3600,-31
510,-3600,-31
520,-3900,-31
530,-3900,-31
540,-3900,-31
550,-3600,-31
560,-3900,-31
570,-3900,-31
580,-3600,-31
590,-3600,-31
600,-4200,-31
610,-3900,-31
620,-3600,-31
630,-3600,-31
640,-3900,-31
650,-3900,-31
660,-3600,-31
670,-3600,-31
680,-3900,-31
690,-4200,-31
700,-3600,-31
710,-3600,-31
720,-4200,-31
730,-3900,-31
740,-3900,-31
750,-3900,-31
760,-4200,-31
770,-3900,-31
780,-3900,-31
790,-3900,-31
800,-4200,-31
810,-3900,-31
820,-3600,-31
830,-4200,-31
840,-3900,-31
850,-3600,-31
860,-3600,-31
870,-3900,-31
880,-3900,-31
890,-3900,-31
900,-3600,-31
910,-3900,-31
920,-4200,-31
930,-3900,-31
940,-3900,-31
950,-3900,-31
960,-3900,-31
970,-3600,-31
980,-3600,-31
990,-3900,-31
1000,-3900,-31
1010,-3600,-31
1020,-3600,-31
1030,-3900,-31
1040,-4200,-31
1050,-3600,-31
1060,-3900,-31
1070,-3900,-31
1080,-4200,-31
1090,-3900,-31
1100,-3900,-31
1110,-3900,-31
1120,-4200,-31
1130,-3900,-31
1140,-3900,-31
1150,-4200,-31
1160,-3900,-31
1170,-3900,-31
1180,-3900,65
1190,-3900,65
1200,-3600,65
1210,-3000,65
1220,-2400,65
1230,-1500,65
1240,-300,65
1250,600,65
1260,2100,65
1270,2700,65
1280,3900,65
1290,4500,65
1300,5400,65
1310,5700,65
1320,6300,65
1330,6600,65
1340,6600,65
1350,6900,65
1360,7500,65
1370,7200,65
1380,7500,65
1390,7800,65
1400,7500,65
1410,7800,65
1420,7500,65
1430,8100,65
1440,7800,65
1450,8100,65
1460,7800,65
1470,8100,65
1480,8100,65
1490,8100,65
1500,8100,65
1510,8100,65
1520,8400,65
1530,7800,65
1540,8400,65
1550,8100,65
1560,8100,65
1570,8100,65
1580,8100,65
1590,8400,65
1600,7800,65
1610,8400,65
1620,8100,65
1630,7800,65
1640,8400,65
1650,7800,65
1660,8400,65
1670,8100,65
1680,8100,65
1690,8400,65
1700,7800,65
1710,8400,65
1720,7800,65
1730,8400,65
1740,8100,65
1750,8100,65
1760,8400,65
1770,8100,65
1780,8400,65
1790,8400,65
1800,8100,65
1810,8400,65
1820,7800,65
1830,8400,65
1840,8100,65
1850,8400,65
1860,8100,65
1870,7800,65
1880,8400,65
1890,8100,65
1900,8100,65
1910,8400,65
1920,8100,65
1930,8700,65
1940,7800,65
1950,8400,65
1960,8100,65
1970,8100,65
1980,8400,65
1990,8100,65
2000,8400,65
2010,8400,65
2020,8100,65
2030,8400,65
2040,7800,65
2050,8400,65
2060,8100,65
2070,8100,65
2080,8400,65
2090,8100,65
2100,8700,65
2110,8100,65
2120,8400,65
2130,8400,65
2140,8100,65
2150,8400,65
2160,8100,65
2170,8400,65
2180,8100,65
2190,8100,65
2200,8400,65
2210,8100,65
2220,8700,65
2230,8100,65
2240,8400,65
2250,8400,65
2260,8100,65
2270,8400,65
2280,8100,65
2290,8100,65
2300,8700,65
2310,8100,65
2320,8400,65
2330,8100,65
2340,8700,65
2350,8700,65
2360,8400,65
2370,8700,65
2380,8100,65
2390,8700,65
2400,8400,65
2410,8400,65
2420,8700,65
2430,8100,65
2440,8400,65
2450,8400,65
2460,8400,65
2470,8700,65
2480,8100,65
2490,8700,65
2500,8100,65
2510,8400,65
2520,8400,65
2530,8400,65
2540,8700,65
2550,8100,65
2560,8400,65
2570,8400,65
2580,8100,65
2590,8700,65
2600,8100,65
2610,8400,65
2620,8400,65
2630,8100,65
2640,8700,65
2650,8100,65
2660,8400,65
2670,8400,65
2680,8100,65
2690,8700,65
2700,8100,65
2710,8400,65
2720,8100,65
2730,8100,65
2740,8400,65
2750,7800,65
2760,8400,65
2770,8100,65
2780,8100,65
2790,8400,65
2800,7800,65
2810,8400,65
2820,8100,65
2830,8400,65
2840,8400,65
2850,8100,65
2860,8400,65
2870,7800,65
2880,8100,65
2890,8100,65
2900,8100,65
2910,8400,65
2920,8100,65
2930,8400,65
2940,7800,65
2950,8100,65
2960,8100,65
2970,7800,65
2980,8400,65
2990,8100,65
3000,8100,65
3010,8400,65
3020,7800,65
3030,8100,65
3040,8100,65
3050,8400,65
3060,8400,65
3070,8100,65
3080,8400,65
3090,8100,65
3100,8100,65
3110,8100,65
3120,7800,65
3130,8400,65
3140,8100,65
3150,8400,65
3160,8100,65
3170,8100,65
3180,8400,25
3190,7800,25
3200,8100,25
3210,7200,25
3220,7200,25
3230,6600,25
3240,5700,25
3250,5100,25
3260,5100,25
3270,4800,25
3280,4800,25
3290,4500,25
3300,4200,25
3310,4500,25
3320,4200,25
3330,3900,25
3340,3900,25
3350,3900,25
3360,3900,25
3370,3300,25
3380,3600,25
3390,3600,25
3400,3000,25
3410,3300,25
3420,3300,25
3430,3000,25
3440,3600,25
3450,3000,25
3460,3300,25
3470,3300,25
3480,3000,25
3490,3300,25
3500,3000,25
3510,3300,25
3520,3300,25
3530,3000,25
3540,3300,25
3550,3000,25
3560,3300,25
3570,3000,25
3580,3000,25
3590,3300,25
3600,3000,25
3610,3300,25
3620,3000,25
3630,3300,25
3640,3000,25
3650,3000,25
3660,3300,25
3670,3000,25
3680,3000,25
3690,3000,25
3700,3000,25
3710,3300,25
3720,3000,25
3730,3300,25
3740,3300,25
3750,3000,25
3760,3300,25
3770,3000,25
3780,3300,25
3790,3000,25
3800,3000,25
3810,3300,25
3820,3000,25
3830,3300,25
3840,3300,25
3850,3000,25
3860,3000,25
3870,3000,25
3880,3300,25
3890,3000,25
3900,3000,25
3910,3000,25
3920,3000,25
3930,3300,25
3940,3000,25
3950,3300,25
3960,3000,25
3970,3000,25
3980,3000,25
3990,3000,25
4000,3300,25
4010,3000,25
4020,3000,25
4030,3300,25
4040,3000,25
4050,3000,25
4060,3000,25
4070,3300,25
4080,3300,25
4090,3000,25
4100,3300,25
4110,3000,25
4120,3000,25
4130,3000,25
4140,3000,25
4150,3000,25
4160,3000,25
4170,3300,25
4180,3000,25
4190,3000,25
4200,3000,25
4210,3000,25
4220,3000,25
4230,3000,25
4240,3000,25
4250,3300,25
4260,2700,25
4270,3000,25
4280,2700,25
4290,3000,25
4300,3000,25
4310,3000,25
4320,3300,25
4330,3000,25
4340,3000,25
4350,3300,25
4360,3000,25
4370,3600,25
4380,3000,25
4390,3300,25
4400,3000,25
4410,3000,25
4420,3300,25
4430,3000,25
4440,3000,25
4450,3000,25
4460,3000,25
4470,3000,25
4480,3000,25
4490,3300,25
4500,3000,25
4510,3000,25
4520,3000,25
4530,3000,25
4540,3300,25
4550,2700,25
4560,3300,25
4570,3000,25
4580,3000,25
4590,3000,25
4600,3000,25
4610,3300,25
4620,3000,25
4630,3000,25
4640,3300,25
4650,3000,25
4660,3000,25
4670,3000,25
4680,3300,25
4690,3300,25
4700,3000,25
4710,3300,25
4720,3000,25
4730,3000,25
4740,3000,25
4750,3000,25
4760,3000,25
4770,3000,25
4780,3300,25
4790,3000,25
4800,3000,25
4810,3000,25
4820,3000,25
4830,3300,25
4840,3000,25
4850,3000,25
4860,3300,25
4870,2700,25
4880,3000,25
4890,3000,25
4900,3000,25
4910,3000,25
4920,3000,25
4930,3300,25
4940,3000,25
4950,3000,25
4960,3300,25
4970,3000,25
4980,3300,25
4990,2700,25
5000,3300,25
5010,3000,25
5020,3000,25
5030,3000,25
5040,3000,25
5050,3000,25
5060,3000,25
5070,3000,25
5080,3300,25
5090,3000,25
5100,3300,25
5110,3000,25
5120,3300,25
5130,3300,25
5140,3000,25
5150,3300,25
5160,3000,25
5170,3000,25
5180,3000,-89
5190,3000,-89
5200,2700,-89
5210,1800,-89
5220,900,-89
5230,300,-89
5240,-900,-89
5250,-1500,-89
5260,-2700,-89
5270,-3600,-89
5280,-4800,-89
5290,-5400,-89
5300,-6300,-89
5310,-7200,-89
5320,-7800,-89
5330,-8400,-89
5340,-8400,-89
5350,-9300,-89
5360,-9600,-89
5370,-9300,-89
5380,-9600,-89
5390,-9900,-89
5400,-9900,-89
5410,-10200,-89
5420,-10500,-89
5430,-10500,-89
5440,-10500,-89
5450,-10500,-89
5460,-10500,-89
5470,-10500,-89
5480,-10500,-89
5490,-10500,-89
5500,-10500,-89
5510,-10800,-89
5520,-11100,-89
5530,-11100,-89
5540,-11100,-89
5550,-11100,-89
5560,-11100,-89
5570,-10800,-89
5580,-11100,-89
5590,-10800,-89
5600,-11100,-89
5610,-11100,-89
5620,-11400,-89
5630,-11400,-89
5640,-11100,-89
5650,-11100,-89
5660,-11400,-89
5670,-11400,-89
5680,-11700,-89
5690,-11400,-89
5700,-11400,-89
5710,-11100,-89
5720,-11100,-89
5730,-11100,-89
5740,-11400,-89
5750,-11700,-89
5760,-11400,-89
5770,-11400,-89
5780,-11100,-89
5790,-11100,-89
5800,-11400,-89
5810,-11400,-89
5820,-11700,-89
5830,-11400,-89
5840,-11100,-89
5850,-11100,-89
5860,-11100,-89
5870,-11700,-89
5880,-11700,-89
5890,-11400,-89
5900,-11400,-89
5910,-11100,-89
5920,-11400,-89
5930,-11400,-89
5940,-11400,-89
5950,-11400,-89
5960,-11400,-89
5970,-11100,-89
5980,-11100,-89
5990,-11100,-89
6000,-11400,-89
6010,-11400,-89
6020,-11400,-89
6030,-11400,-89
6040,-11400,-89
6050,-10800,-89
6060,-11100,-89
6070,-11400,-89
6080,-11400,-89
6090,-11100,-89
6100,-11100,-89
6110,-11100,-89
6120,-11100,-89
6130,-11100,-89
6140,-11100,-89
6150,-11100,-89
6160,-10800,-89
6170,-10800,-89
6180,-11100,-89
6190,-11100,-89
6200,-11100,-89
6210,-11100,-89
6220,-10800,-89
6230,-10800,-89
6240,-11100,-89
6250,-11100,-89
6260,-11400,-89
6270,-11400,-89
6280,-10800,-89
6290,-11100,-89
6300,-10800,-89
6310,-11100,-89
6320,-11100,-89
6330,-11100,-89
6340,-11100,-89
6350,-11100,-89
6360,-10800,-89
6370,-11100,-89
6380,-11100,-89
6390,-11400,-89
6400,-11100,-89
6410,-10800,-89
6420,-11100,-89
6430,-10800,-89
6440,-11400,-89
6450,-11400,-89
6460,-11400,-89
6470,-11100,-89
6480,-11100,-89
6490,-11100,-89
6500,-11100,-89
6510,-11100,-89
6520,-11100,-89
6530,-11100,-89
6540,-10800,-89
6550,-11100,-89
6560,-11100,-89
6570,-11400,-89
6580,-11400,-89
6590,-11400,-89
6600,-11100,-89
6610,-10800,-89
6620,-11100,-89
6630,-11400,-89
6640,-11400,-89
6650,-11400,-89
6660,-11400,-89
6670,-11100,-89
6680,-11100,-89
6690,-11100,-89
6700,-11400,-89
6710,-11400,-89
6720,-11100,-89
6730,-11100,-89
6740,-11100,-89
6750,-11100,-89
6760,-11100,-89
6770,-11400,-89
6780,-11400,-89
6790,-11400,-89
6800,-10800,-89
6810,-11100,-89
6820,-11100,-89
6830,-11400,-89
6840,-11400,-89
6850,-11100,-89
6860,-11100,-89
6870,-10800,-89
6880,-11400,-89
6890,-11400,-89
6900,-11400,-89
6910,-11400,-89
6920,-11100,-89
6930,-11100,-89
6940,-11400,-89
6950,-11400,-89
6960,-11400,-89
6970,-11400,-89
6980,-11400,-89
6990,-11100,-89
7000,-11400,-89
7010,-11700,-89
7020,-11700,-89
7030,-11400,-89
7040,-11400,-89
7050,-11100,-89
7060,-11400,-89
7070,-11400,-89
7080,-11400,-89
7090,-11400,-89
7100,-11400,-89
7110,-11400,-89
7120,-11100,-89
7130,-11400,-89
7140,-11400,-89
7150,-11400,-89
7160,-11400,-89
7170,-11100,-89
7180,-11400,-45
7190,-11100,-45
7200,-11100,-45
7210,-10500,-45
7220,-10200,-45
7230,-9600,-45
7240,-9000,-45
7250,-9000,-45
7260,-9000,-45
7270,-8700,-45
7280,-8700,-45
7290,-9000,-45
7300,-8400,-45
7310,-8400,-45
7320,-8400,-45
7330,-7800,-45
7340,-8400,-45
7350,-7800,-45
7360,-8100,-45
7370,-7500,-45
7380,-7800,-45
7390,-7200,-45
7400,-7500,-45
7410,-6900,-45
7420,-6900,-45
7430,-7200,-45
7440,-6600,-45
7450,-6600,-45
7460,-6600,-45
7470,-6600,-45
7480,-6000,-45
7490,-6000,-45
7500,-6300,-45
7510,-6000,-45
7520,-6000,-45
7530,-6000,-45
7540,-5700,-45
7550,-5700,-45
7560,-5700,-45
7570,-5700,-45
7580,-6000,-45
7590,-6000,-45
7600,-5700,-45
7610,-5700,-45
7620,-5700,-45
7630,-5400,-45
7640,-5400,-45
7650,-5700,-45
7660,-5700,-45
7670,-6000,-45
7680,-5700,-45
7690,-6000,-45
7700,-5700,-45
7710,-5700,-45
7720,-5400,-45
7730,-5400,-45
7740,-5400,-45
7750,-5700,-45
7760,-5700,-45
7770,-6000,-45
7780,-6000,-45
7790,-5700,-45
7800,-5700,-45
7810,-5400,-45
7820,-5400,-45
7830,-5400,-45
7840,-5400,-45
7850,-5700,-45
7860,-5700,-45
7870,-5700,-45
7880,-6000,-45
7890,-5700,-45
7900,-5700,-45
7910,-5400,-45
7920,-5400,-45
7930,-5400,-45
7940,-5400,-45
7950,-5700,-45
7960,-5700,-45
7970,-5700,-45
7980,-6000,-45
7990,-5700,-45
8000,-5400,-45
8010,-5700,-45
8020,-6000,-45
8030,-6000,-45
8040,-5400,-45
8050,-5700,-45
8060,-6000,-45
8070,-6000,-45
8080,-5700,-45
8090,-6000,-45
8100,-6000,-45
8110,-5400,-45
8120,-5400,-45
8130,-5700,-45
8140,-5700,-45
8150,-5700,-45
8160,-5700,-45
8170,-6000,-45
8180,-6000,-45
8190,-6000,-45
8200,-5700,-45
8210,-5700,-45
8220,-5700,-45
8230,-5700,-45
8240,-5700,-45
8250,-5700,-45
8260,-6000,-45
8270,-5700,-45
8280,-6300,-45
8290,-6000,-45
8300,-6000,-45
8310,-6000,-45
8320,-5700,-45
8330,-5700,-45
8340,-5400,-45
8350,-5700,-45
8360,-5700,-45
8370,-6000,-45
8380,-6000,-45
8390,-6000,-45
8400,-6000,-45
8410,-5700,-45
8420,-5700,-45
8430,-5700,-45
8440,-5700,-45
8450,-5700,-45
8460,-6000,-45
8470,-6000,-45
8480,-6000,-45
8490,-5700,-45
8500,-5700,-45
8510,-5700,-45
8520,-5400,-45
8530,-5400,-45
8540,-5400,-45
8550,-5700,-45
8560,-5700,-45
8570,-5700,-45
8580,-5700,-45
8590,-6000,-45
8600,-6000,-45
8610,-5700,-45
8620,-5400,-45
8630,-5400,-45
8640,-5400,-45
8650,-5400,-45
8660,-5400,-45
8670,-5700,-45
8680,-5700,-45
8690,-5700,-45
8700,-6000,-45
8710,-5400,-45
8720,-5400,-45
8730,-5400,-45
8740,-5400,-45
8750,-5400,-45
8760,-5400,-45
8770,-5700,-45
8780,-5700,-45
8790,-5700,-45
8800,-6000,-45
8810,-6000,-45
8820,-5400,-45
8830,-5400,-45
8840,-5400,-45
8850,-5400,-45
8860,-5400,-45
8870,-5700,-45
8880,-5700,-45
8890,-5700,-45
8900,-6000,-45
8910,-5700,-45
8920,-5700,-45
8930,-5400,-45
8940,-5400,-45
8950,-5400,-45
8960,-5400,-45
8970,-5700,-45
8980,-5700,-45
8990,-5700,-45
9000,-5700,-45
