0.00, 255
2.95, 255
10.34, 255
21.42, 255
33.97, 255
48.37, 255
63.14, 255
79.02, 255
94.89, 255
111.51, 255
127.75, 255
145.11, 255
161.35, 255
179.08, 255
195.69, 255
213.05, 255
230.77, 255
247.38, 255
265.11, 255
281.72, 255
299.45, 255
316.06, 255
333.78, 255
350.77, 255
368.49, 255
385.11, 255
402.83, 255
419.45, 255
437.17, 255
454.15, 255
471.88, 255
489.23, 255
506.22, 255
523.94, 255
540.55, 255
558.28, 255
575.26, 255
592.98, 255
609.60, 255
627.32, 255
644.31, 255
661.66, 255
678.65, 255
696.37, 255
713.35, 255
730.71, 255
747.69, 255
765.42, 255
783.14, 255
799.75, 255
817.48, 255
834.46, 255
852.18, 255
868.80, 255
886.52, 255
903.51, 255
921.23, 255
937.85, 255
955.57, 255
972.55, 255
989.91, 255
1006.89, 255
1024.62, 255
1042.34, 255
1058.95, 255
1076.68, 255
1093.66, 255
1111.38, 255
1128.00, 255
1145.72, 255
1162.71, 255
1180.43, 255
1197.05, 255
1214.77, 255
1231.75, 255
1249.48, 255
1266.09, 255
1283.82, 255
1300.43, 255
1318.52, 255
1335.88, 255
1352.86, 255
1370.58, 255
1387.20, 255
1404.92, 255
1421.91, 255
1439.63, 255
1456.25, 255
1473.97, 255
1490.95, 255
1508.68, 255
1525.29, 255
1543.02, 255
1559.63, 255
1577.72, 255
1595.08, 255
1612.06, 255
1629.78, 255
1646.40, 255
1664.12, 255
1681.11, 255
1698.83, 255
1715.45, 255
1733.17, 255
1750.15, 255
1767.88, 255
1784.49, 255
1802.22, 255
1818.83, 255
1836.55, 255
1853.54, 255
1871.26, 255
1888.98, 255
1905.60, 255
1923.32, 255
1940.31, 255
1958.03, 255
1974.65, 255
1992.37, 255
2009.35, 255
2026.71, 255
2043.69, 255
2061.42, 255
2078.03, 255
2095.75, 255
2112.74, 255
2130.46, 255
2148.18, 255
2164.80, 255
2182.52, 255
2199.51, 255
2217.23, 255
2233.85, 255
2251.57, 255
2268.55, 255
2286.28, 255
2302.89, 255
2320.62, 255
2337.23, 255
2355.32, 255
2371.94, 255
2389.66, 255
2406.65, 255
2424.00, 255
2442.09, 255
2458.71, 255
2476.43, 255
2493.42, 255
2510.77, 255
2527.75, 255
2545.48, 255
2562.46, 255
2580.18, 255
2596.80, 255
2614.52, 255
2631.51, 255
2649.23, 255
2665.85, 255
2683.57, 255
2701.29, 255
2718.28, 255
2736.00, 255
2752.62, 255
2770.34, 255
2787.32, 255
2805.05, 255
2821.66, 255
2839.38, 255
2856.37, 255
2874.09, 255
2890.71, 255
2908.43, 255
2925.42, 255
2943.14, 255
2959.75, 255
2977.48, 255
2995.20, 255
3012.18, 255
3029.91, 255
3046.89, 255
3064.25, 255
3081.23, 255
3098.95, 255
3115.57, 255
3133.66, 255
3150.28, 255
3168.00, 255
3184.98, 255
3202.71, 255
3219.32, 255
3237.05, 255
3254.77, 255
3271.75, 255
3289.48, 255
3306.09, 255
3323.82, 255
3340.80, 255
3358.52, 255
3375.14, 255
3392.86, 255
3409.85, 255
3427.57, 255
3444.18, 255
3461.91, 255
3478.89, 255
3496.62, 255
3513.23, 255
3530.95, 255
3548.68, 255
3565.66, 255
3583.38, 255
3600.00, 255
3618.09, 255
3634.71, 255
3652.43, 255
3669.42, 255
3686.77, 255
3703.75, 255
3721.48, 255
3738.46, 255
3756.18, 255
3772.80, 255
3790.52, 255
3808.25, 255
3825.23, 255
3842.95, 255
3859.57, 255
3877.29, 255
3894.28, 255
3911.63, 255
3928.62, 255
3946.34, 255
3963.32, 255
3981.05, 255
3997.66, 255
4015.38, 255
4032.00, 255
4050.09, 255
4066.71, 255
4084.43, 255
4102.15, 255
4118.77, 255
4136.49, 255
4153.48, 255
4171.20, 255
4188.18, 255
4205.54, 255
4222.52, 255
4240.25, 255
4257.23, 255
4274.95, 255
4291.57, 255
4309.29, 255
4326.28, 255
4343.63, 255
4361.35, 255
4378.34, 255
4396.06, 255
4412.68, 255
4430.40, 255
4447.38, 255
4465.11, 255
4481.72, 255
4499.45, 255
4516.43, 255
4534.15, 255
4550.77, 255
4568.49, 255
4585.48, 255
4603.20, 255
4620.18, 255
4637.54, 255
4655.26, 255
4672.25, 255
4689.97, 255
4706.95, 255
4724.31, 255
4741.29, 255
4759.02, 255
4775.63, 255
4793.72, 255
4810.34, 255
4828.06, 255
4845.05, 255
4862.40, 255
4879.38, 255
4897.11, 255
4914.83, 255
4931.82, 255
4949.17, 255
4966.15, 255
4983.88, 255
5000.49, 255
5018.58, 255
5035.20, 255
5052.92, 255
5069.54, 255
5087.26, 255
5104.25, 255
5121.97, 255
5138.95, 255
5156.31, 255
5173.29, 255
5191.02, 255
5208.74, 255
5225.72, 255
5243.08, 255
5260.06, 255
5277.78, 255
5294.40, 255
5312.49, 255
5329.11, 255
5346.83, 255
5363.82, 255
5381.17, 255
5398.15, 255
5415.88, 255
5432.86, 255
5450.58, 255
5467.94, 255
5484.92, 255
5502.65, 255
5519.63, 255
5537.35, 255
5553.97, 255
5571.69, 255
5588.68, 255
5606.40, 255
5623.02, 255
5640.74, 255
5657.72, 255
5675.45, 255
5692.06, 255
5709.78, 255
5726.77, 255
5744.49, 255
5762.22, 255
5778.83, 255
5796.55, 255
5813.54, 255
5831.26, 255
5848.25, 255
5865.60, 255
5882.58, 255
5900.31, 255
5917.29, 255
5935.02, 255
5951.63, 255
5969.35, 255
5986.34, 255
6004.06, 255
6021.78, 255
6038.40, 255
6056.12, 255
6073.11, 255
6090.83, 255
6107.45, 255
6125.17, 255
6142.15, 255
6159.88, 255
6176.86, 255
6194.58, 255
6211.20, 255
6228.92, 255
6245.91, 255
6263.63, 255
6280.25, 255
6297.97, 255
6315.69, 255
6332.68, 255
6350.40, 255
6367.02, 255
6384.74, 255
6401.72, 255
6419.45, 255
6436.06, 255
6453.78, 255
6470.77, 255
6488.49, 255
6505.48, 255
6522.83, 255
6539.81, 255
6557.54, 255
6575.26, 255
6592.25, 255
6609.60, 255
6626.58, 255
6644.31, 255
6661.29, 255
6679.02, 255
6695.63, 255
6713.35, 255
6730.34, 255
6748.06, 255
6764.68, 255
6782.40, 255
6799.38, 255
6817.11, 255
6833.72, 255
6851.45, 255
6869.17, 255
6886.15, 255
6903.88, 255
6920.49, 255
6938.58, 255
6955.20, 255
6972.92, 255
6989.54, 255
7007.26, 255
7024.25, 255
7041.97, 255
7058.95, 255
7076.68, 255
7093.29, 255
7111.02, 255
7128.74, 255
7145.72, 255
7163.45, 255
7180.06, 255
7197.78, 255
7214.40, 255
7232.49, 255
7249.11, 255
7266.83, 255
7283.82, 255
7301.17, 255
7318.15, 255
7335.88, 255
7352.49, 255
7370.58, 255
7387.20, 255
7404.92, 255
7422.65, 255
7439.26, 255
7456.98, 255
7473.97, 255
7491.69, 255
7508.31, 255
7526.03, 255
7543.02, 255
7560.74, 255
7577.35, 255
7595.08, 255
7612.06, 255
7629.78, 255
7646.40, 255
7664.12, 255
7681.85, 255
7698.83, 255
7716.55, 255
7733.17, 255
7750.89, 255
7767.88, 255
7785.60, 255
7802.22, 255
7819.94, 255
7836.92, 255
7854.65, 255
7871.26, 255
7888.98, 255
7905.97, 255
7923.69, 255
7940.31, 255
7958.03, 255
7975.75, 255
7992.74, 255
8010.46, 255
8027.08, 255
8044.80, 255
8061.78, 255
8079.51, 255
8096.12, 255
8113.85, 255
8130.83, 255
8148.55, 255
8165.17, 255
8182.89, 255
8199.88, 255
8217.60, 255
8235.32, 255
8251.94, 255
8269.66, 255
8286.65, 255
8304.37, 255
8320.98, 255
8338.71, 255
8355.69, 255
8373.41, 255
8390.03, 255
8407.75, 255
8424.74, 255
8442.46, 255
8459.08, 255
8476.80, 255
8493.78, 255
8511.51, 255
8529.23, 255
8546.21, 255
8563.57, 255
8580.55, 255
8598.28, 255
8615.26, 255
8632.98, 255
8649.60, 255
8667.32, 255
8684.31, 255
8702.03, 255
8718.65, 255
8736.37, 255
8753.35, 255
8771.08, 255
8788.80, 255
8805.78, 255
8823.14, 255
8840.12, 255
8857.85, 255
8874.46, 255
8892.18, 255
8909.17, 255
8926.89, 255
8943.51, 255
8961.23, 255
8978.22, 255
8995.57, 255
9012.55, 255
9030.28, 255
9046.89, 255
9064.98, 255
9082.34, 255
9099.32, 255
9117.05, 255
9133.66, 255
9151.38, 255
9168.37, 255
9186.09, 255
9202.71, 255
9220.43, 255
9237.41, 255
9254.77, 255
9271.75, 255
9289.48, 255
9306.09, 255
9324.18, 255
9341.54, 255
9358.52, 255
9376.25, 255
9392.86, 255
9410.58, 255
9427.57, 255
9445.29, 255
9461.91, 255
9479.63, 255
9496.62, 255
9514.34, 255
9530.95, 255
9548.68, 255
9565.66, 255
9583.38, 255
9600.00, 255
9617.72, 255
9635.45, 255
9652.43, 255
9670.15, 255
9686.77, 255
9704.49, 255
9721.48, 255
9739.20, 255
9755.82, 255
9773.54, 255
9790.52, 255
9808.25, 255
9824.86, 255
9842.58, 255
9859.57, 255
9877.29, 255
9895.02, 255
9911.63, 255
9929.35, 255
9946.34, 255
9964.06, 255
9980.68, 255
9998.40, 255
10015.38, 255
10033.11, 255
10049.72, 255
10067.45, 255
10084.43, 255
10102.15, 255
10118.77, 255
10136.86, 255
10153.48, 255
10171.20, 255
10188.92, 255
10205.91, 255
10223.63, 255
10240.25, 255
10257.97, 255
10274.95, 255
10292.68, 255
10309.29, 255
10327.38, 255
10344.00, 255
10361.72, 255
